{
  "market": "total_range_2_6",
  "target": "total_range_2_6",
  "type": "binary",
  "metric": "log_loss",
  "value": 0.5553202394033088,
  "best_params": {
    "learning_rate": 0.06574231518929217,
    "num_leaves": 57,
    "min_child_samples": 85,
    "subsample": 0.7946658213604543,
    "colsample_bytree": 0.9547386420164864,
    "reg_alpha": 0.44242363493037173,
    "reg_lambda": 0.4032060263748716
  },
  "rows": {
    "train": 51812,
    "val": 2344,
    "test": 2343
  }
}