{
  "market": "home_range_1_5",
  "target": "home_range_1_5",
  "type": "binary",
  "metric": "log_loss",
  "value": 1.1007315370506519e-05,
  "best_params": {
    "learning_rate": 0.16015388006093964,
    "num_leaves": 99,
    "min_child_samples": 60,
    "subsample": 0.8913171056582098,
    "colsample_bytree": 0.8984508053804632,
    "reg_alpha": 0.2216581472383642,
    "reg_lambda": 0.7280445119433653
  },
  "rows": {
    "train": 51812,
    "val": 2344,
    "test": 2343
  }
}