{
  "market": "fh_goals",
  "target": "fh_goals_total",
  "type": "regression",
  "metric": "rmse",
  "value": 1.110624871199397,
  "best_params": {
    "learning_rate": 0.041441651879385887,
    "num_leaves": 71,
    "min_child_samples": 64,
    "subsample": 0.9867010378797445,
    "colsample_bytree": 0.6548557862010339,
    "reg_alpha": 0.17859937387944158,
    "reg_lambda": 0.10080413331875437
  },
  "rows": {
    "train": 51809,
    "val": 2344,
    "test": 2343
  }
}