{
  "market": "home_range_4_5",
  "target": "home_range_4_5",
  "type": "binary",
  "metric": "log_loss",
  "value": 0.23546266661698814,
  "best_params": {
    "learning_rate": 0.0231744711921509,
    "num_leaves": 25,
    "min_child_samples": 40,
    "subsample": 0.7984132097202695,
    "colsample_bytree": 0.8438208824689672,
    "reg_alpha": 0.8689279639798275,
    "reg_lambda": 0.38688057263566744
  },
  "rows": {
    "train": 51812,
    "val": 2344,
    "test": 2343
  }
}