{
  "market": "total_range_1_5",
  "target": "total_range_1_5",
  "type": "binary",
  "metric": "log_loss",
  "value": 0.36712006737786906,
  "best_params": {
    "learning_rate": 0.026419914582469475,
    "num_leaves": 81,
    "min_child_samples": 21,
    "subsample": 0.8090634185175962,
    "colsample_bytree": 0.77262668838566,
    "reg_alpha": 0.39375440196344136,
    "reg_lambda": 0.4731270131282248
  },
  "rows": {
    "train": 51812,
    "val": 2344,
    "test": 2343
  }
}