{
  "market": "total_range_1_5",
  "target": "total_range_1_5",
  "type": "binary",
  "metric": "log_loss",
  "value": 7.327542186885023e-06,
  "best_params": {
    "learning_rate": 0.14187955313419354,
    "num_leaves": 110,
    "min_child_samples": 63,
    "subsample": 0.8935379810117055,
    "colsample_bytree": 0.7042456844761555,
    "reg_alpha": 0.09324572374603401,
    "reg_lambda": 0.5002897606824405
  },
  "rows": {
    "train": 51812,
    "val": 2344,
    "test": 2343
  }
}