{
  "market": "away_range_2_3",
  "target": "away_range_2_3",
  "type": "binary",
  "metric": "log_loss",
  "value": 0.6163060495465376,
  "best_params": {
    "learning_rate": 0.046892188087230696,
    "num_leaves": 24,
    "min_child_samples": 52,
    "subsample": 0.6832843196392329,
    "colsample_bytree": 0.6051730301944771,
    "reg_alpha": 0.31375470006922423,
    "reg_lambda": 0.5310066247293911
  },
  "rows": {
    "train": 51812,
    "val": 2344,
    "test": 2343
  }
}