{
  "market": "home_corners",
  "target": "home_corners",
  "type": "regression",
  "metric": "rmse",
  "value": 2.8706266873339445,
  "best_params": {
    "learning_rate": 0.08678873203489246,
    "num_leaves": 40,
    "min_child_samples": 16,
    "subsample": 0.7673667219064083,
    "colsample_bytree": 0.6148072547329444,
    "reg_alpha": 0.08779551744877312,
    "reg_lambda": 0.5485933538230446
  },
  "rows": {
    "train": 37985,
    "val": 2344,
    "test": 2343
  }
}