{
  "market": "btts",
  "target": "btts_yes",
  "type": "binary",
  "metric": "log_loss",
  "value": 0.6866726900314752,
  "best_params": {
    "learning_rate": 0.06235028363401471,
    "num_leaves": 64,
    "min_child_samples": 91,
    "subsample": 0.9793000960595393,
    "colsample_bytree": 0.8628075299517506,
    "reg_alpha": 0.6119264160839817,
    "reg_lambda": 0.9321677743117659
  },
  "rows": {
    "train": 51812,
    "val": 2344,
    "test": 2343
  }
}