{
  "market": "away_range_3_5",
  "target": "away_range_3_5",
  "type": "binary",
  "metric": "log_loss",
  "value": 1.0398500494125539e-05,
  "best_params": {
    "learning_rate": 0.1831634655530559,
    "num_leaves": 30,
    "min_child_samples": 19,
    "subsample": 0.6642329762430946,
    "colsample_bytree": 0.9781498171043417,
    "reg_alpha": 0.2568568597908717,
    "reg_lambda": 0.39449952802070654
  },
  "rows": {
    "train": 51812,
    "val": 2344,
    "test": 2343
  }
}