{
  "market": "ou_5_5",
  "target": "ou_over_5_5",
  "type": "binary",
  "metric": "log_loss",
  "value": 0.2269617542413282,
  "best_params": {
    "learning_rate": 0.03383355953043635,
    "num_leaves": 52,
    "min_child_samples": 100,
    "subsample": 0.9298457443812922,
    "colsample_bytree": 0.7187151125346383,
    "reg_alpha": 0.46818514501951736,
    "reg_lambda": 0.7735387364649146
  },
  "rows": {
    "train": 51812,
    "val": 2344,
    "test": 2343
  }
}