{
  "market": "away_corners",
  "target": "away_corners",
  "type": "regression",
  "metric": "rmse",
  "value": 2.534237636506161,
  "best_params": {
    "learning_rate": 0.059882140573016565,
    "num_leaves": 48,
    "min_child_samples": 28,
    "subsample": 0.8647276959284411,
    "colsample_bytree": 0.6556709641092594,
    "reg_alpha": 0.5165628922537572,
    "reg_lambda": 0.9789026664433859
  },
  "rows": {
    "train": 37985,
    "val": 2344,
    "test": 2343
  }
}