{
  "market": "total_corners",
  "target": "total_corners",
  "type": "regression",
  "metric": "rmse",
  "value": 3.3820430594115516,
  "best_params": {
    "learning_rate": 0.011786172280482388,
    "num_leaves": 24,
    "min_child_samples": 37,
    "subsample": 0.6313426678641695,
    "colsample_bytree": 0.6119117254865569,
    "reg_alpha": 0.5892212908318294,
    "reg_lambda": 0.3428519889045727
  },
  "rows": {
    "train": 37985,
    "val": 2344,
    "test": 2343
  }
}