{
  "market": "total_corners",
  "target": "total_corners",
  "type": "regression",
  "metric": "rmse",
  "value": 3.3552523529224447,
  "best_params": {
    "learning_rate": 0.04557584287855276,
    "num_leaves": 31,
    "min_child_samples": 83,
    "subsample": 0.7787851994934466,
    "colsample_bytree": 0.6967139406583169,
    "reg_alpha": 0.7683158928223395,
    "reg_lambda": 0.9598570357354601
  },
  "rows": {
    "train": 37985,
    "val": 2344,
    "test": 2343
  }
}