{
  "market": "total_range_3_4",
  "target": "total_range_3_4",
  "type": "binary",
  "metric": "log_loss",
  "value": 0.6638474842594445,
  "best_params": {
    "learning_rate": 0.08375360913940484,
    "num_leaves": 43,
    "min_child_samples": 56,
    "subsample": 0.61597257993521,
    "colsample_bytree": 0.9453009303111473,
    "reg_alpha": 0.7711007279886986,
    "reg_lambda": 0.45900833993577217
  },
  "rows": {
    "train": 51812,
    "val": 2344,
    "test": 2343
  }
}