{
  "market": "total_range_4_6",
  "target": "total_range_4_6",
  "type": "binary",
  "metric": "log_loss",
  "value": 0.5973450697402173,
  "best_params": {
    "learning_rate": 0.12049742019300717,
    "num_leaves": 28,
    "min_child_samples": 27,
    "subsample": 0.9769889211326199,
    "colsample_bytree": 0.7951036337711417,
    "reg_alpha": 0.9168888948785613,
    "reg_lambda": 0.4537453535620505
  },
  "rows": {
    "train": 51812,
    "val": 2344,
    "test": 2343
  }
}