{
  "market": "total_range_4_6",
  "target": "total_range_4_6",
  "type": "binary",
  "metric": "log_loss",
  "value": 9.837529830596715e-06,
  "best_params": {
    "learning_rate": 0.16883656127810392,
    "num_leaves": 72,
    "min_child_samples": 41,
    "subsample": 0.6059685453279687,
    "colsample_bytree": 0.8574775851713718,
    "reg_alpha": 0.1920218114594744,
    "reg_lambda": 0.7423812201511768
  },
  "rows": {
    "train": 51812,
    "val": 2344,
    "test": 2343
  }
}