{
  "market": "home_range_1_4",
  "target": "home_range_1_4",
  "type": "binary",
  "metric": "log_loss",
  "value": 0.5439320363634005,
  "best_params": {
    "learning_rate": 0.02481520962482443,
    "num_leaves": 50,
    "min_child_samples": 90,
    "subsample": 0.7275663951702995,
    "colsample_bytree": 0.8196447037701403,
    "reg_alpha": 0.8775789940772276,
    "reg_lambda": 0.9864577276543145
  },
  "rows": {
    "train": 51812,
    "val": 2344,
    "test": 2343
  }
}