{
  "market": "home_range_1_2",
  "target": "home_range_1_2",
  "type": "binary",
  "metric": "log_loss",
  "value": 3.0303094642394076e-06,
  "best_params": {
    "learning_rate": 0.14530313044931925,
    "num_leaves": 36,
    "min_child_samples": 48,
    "subsample": 0.9798251190620598,
    "colsample_bytree": 0.9586084682718192,
    "reg_alpha": 0.008284571791475792,
    "reg_lambda": 0.1995516520418672
  },
  "rows": {
    "train": 51812,
    "val": 2344,
    "test": 2343
  }
}