{
  "market": "away_range_1_3",
  "target": "away_range_1_3",
  "type": "binary",
  "metric": "log_loss",
  "value": 3.390594707310418e-05,
  "best_params": {
    "learning_rate": 0.12063668604938546,
    "num_leaves": 113,
    "min_child_samples": 42,
    "subsample": 0.863999582420087,
    "colsample_bytree": 0.7712239105287467,
    "reg_alpha": 0.5354648316536829,
    "reg_lambda": 0.9694692556357006
  },
  "rows": {
    "train": 51812,
    "val": 2344,
    "test": 2343
  }
}