{
  "market": "home_range_3_5",
  "target": "home_range_3_5",
  "type": "binary",
  "metric": "log_loss",
  "value": 7.0853484732740996e-06,
  "best_params": {
    "learning_rate": 0.15552273023041158,
    "num_leaves": 55,
    "min_child_samples": 20,
    "subsample": 0.7572319566934028,
    "colsample_bytree": 0.8555957470173174,
    "reg_alpha": 0.07054499313784957,
    "reg_lambda": 0.7294025699036722
  },
  "rows": {
    "train": 51812,
    "val": 2344,
    "test": 2343
  }
}