{
  "market": "away_range_2_6",
  "target": "away_range_2_6",
  "type": "binary",
  "metric": "log_loss",
  "value": 6.272821384691736e-06,
  "best_params": {
    "learning_rate": 0.17620980331153596,
    "num_leaves": 57,
    "min_child_samples": 68,
    "subsample": 0.9286015300597554,
    "colsample_bytree": 0.8011901652098471,
    "reg_alpha": 0.06347249411386657,
    "reg_lambda": 0.790202437918281
  },
  "rows": {
    "train": 51812,
    "val": 2344,
    "test": 2343
  }
}