{
  "market": "away_range_3_4",
  "target": "away_range_3_4",
  "type": "binary",
  "metric": "log_loss",
  "value": 9.054170157480376e-06,
  "best_params": {
    "learning_rate": 0.1557251954281923,
    "num_leaves": 52,
    "min_child_samples": 93,
    "subsample": 0.6639127454461291,
    "colsample_bytree": 0.9102568745597589,
    "reg_alpha": 0.22068997193471807,
    "reg_lambda": 0.210268959765749
  },
  "rows": {
    "train": 51812,
    "val": 2344,
    "test": 2343
  }
}